--
-- PostgreSQL database dump
--

-- Dumped from database version 15.4
-- Dumped by pg_dump version 15.4

-- Started on 2023-12-04 22:05:01

SET statement_timeout = 0;
SET lock_timeout = 0;
SET idle_in_transaction_session_timeout = 0;
SET client_encoding = 'UTF8';
SET standard_conforming_strings = on;
SELECT pg_catalog.set_config('search_path', '', false);
SET check_function_bodies = false;
SET xmloption = content;
SET client_min_messages = warning;
SET row_security = off;

SET default_tablespace = '';

SET default_table_access_method = heap;

--
-- TOC entry 214 (class 1259 OID 24592)
-- Name: mobilephone; Type: TABLE; Schema: public; Owner: postgres
--

CREATE TABLE public.mobilephone (
    phone_id integer NOT NULL,
    year integer NOT NULL,
    brand character varying(2083),
    make character varying(2083),
    model character varying(2083)
);


ALTER TABLE public.mobilephone OWNER TO postgres;

--
-- TOC entry 216 (class 1259 OID 24604)
-- Name: retailer; Type: TABLE; Schema: public; Owner: postgres
--

CREATE TABLE public.retailer (
    retailer_id integer NOT NULL,
    name character(20),
    website character varying(2083)
);


ALTER TABLE public.retailer OWNER TO postgres;

--
-- TOC entry 218 (class 1259 OID 24691)
-- Name: retrieveprice; Type: TABLE; Schema: public; Owner: postgres
--

CREATE TABLE public.retrieveprice (
    phone_id integer NOT NULL,
    retailer_id integer NOT NULL,
    price double precision
);


ALTER TABLE public.retrieveprice OWNER TO postgres;

--
-- TOC entry 215 (class 1259 OID 24599)
-- Name: users; Type: TABLE; Schema: public; Owner: postgres
--

CREATE TABLE public.users (
    user_id integer NOT NULL,
    name character(20),
    username character(20),
    password character(20)
);


ALTER TABLE public.users OWNER TO postgres;

--
-- TOC entry 217 (class 1259 OID 24621)
-- Name: writereview; Type: TABLE; Schema: public; Owner: postgres
--

CREATE TABLE public.writereview (
    phone_id integer NOT NULL,
    user_id integer NOT NULL,
    rating_point integer,
    retailer_id integer,
    "timestamp" timestamp without time zone
);


ALTER TABLE public.writereview OWNER TO postgres;

--
-- TOC entry 3344 (class 0 OID 24592)
-- Dependencies: 214
-- Data for Name: mobilephone; Type: TABLE DATA; Schema: public; Owner: postgres
--

COPY public.mobilephone (phone_id, year, brand, make, model) FROM stdin;
1	2023	Apple	iPhone	15
2	2023	Apple	iPhone	15 Pro
3	2023	Samsung	Galaxy	S23
4	2023	Samsung	Galaxy	S23 Plus
5	2023	Apple	iPhone	14
6	2023	Apple	iPhone	15 Pro
7	2023	Samsung	Galaxy	S24
8	2023	Samsung	Galaxy	S24 Plus
9	2023	Google	Pixel	7
10	2023	Sony	Xperia	3
11	2023	Sony	Xperia	3 Pro
12	2023	LG	G	9
13	2023	LG	G	9 Plus
14	2023	Motorola	Moto	G8
15	2023	Motorola	Moto	G8 Plus
16	2023	OnePlus	OnePlus	9
17	2023	OnePlus	OnePlus	9 Pro
18	2023	Xiaomi	Mi	Mi 12
19	2023	Xiaomi	Mi	Mi 12 Pro
20	2023	Huawei	P	P60
21	2023	Huawei	P	P60 Pro
22	2023	ASUS	ROG Phone	7
23	2023	ASUS	ROG Phone	7 Pro
24	2023	Nokia	Nokia	10
25	2023	Google	Pixel	8
26	2023	Sony	Xperia	4
27	2023	LG	G	10
28	2023	Motorola	Moto	G9
29	2023	OnePlus	OnePlus	10
30	2023	Xiaomi	Mi	13
31	2023	Huawei	P	70
32	2023	ASUS	ROG Phone	8
33	2023	Nokia	Nokia	11
34	2023	OnePlus	OnePlus	10 Pro
35	2023	Samsung	Galaxy	S25
36	2023	Apple	iPhone	12
37	2023	Sony	Xperia	5
38	2023	LG	G	11
39	2023	Motorola	Moto	G10
40	2023	Xiaomi	Mi	14
41	2023	Huawei	P	80
42	2023	ASUS	ROG Phone	9
43	2023	Nokia	Nokia	12
44	2023	Samsung	Galaxy	S21
45	2023	Google	Pixel	6
46	2023	OnePlus	OnePlus	9T
47	2023	Sony	Xperia	1 III
48	2023	Xiaomi	Mi	12
49	2023	Motorola	Moto	G100
50	2023	Apple	iPhone	14 Pro
51	2023	Samsung	Galaxy	S22
52	2023	Google	Pixel	7 Pro
53	2023	OnePlus	OnePlus	9RT
54	2023	Sony	Xperia	5 III
55	2023	Xiaomi	Mi	12 Pro
56	2023	Motorola	Moto	G200
57	2023	Apple	iPhone	14 Pro Max
58	2023	Samsung	Galaxy	S22 Ultra
59	2023	Google	Pixel	7a
60	2023	OnePlus	OnePlus	9T Pro
61	2023	Sony	Xperia	1 IV
62	2023	LG	V60	ThinQ
63	2023	Huawei	Mate	50
64	2023	Xiaomi	Redmi	Note 11
65	2023	OnePlus	OnePlus	9R
66	2023	Sony	Xperia	10
67	2023	Nokia	8.3	14
68	2023	Motorola	Edge	15
69	2023	Google	Pixel	7 XL
70	2023	ASUS	ZenFone	8
71	2023	Samsung	Galaxy	A72
72	2023	Apple	iPhone	SE
73	2023	Realme	GT	Neo 3
74	2023	Oppo	Find	X5
75	2023	Xiaomi	Poco	X4
76	2023	OnePlus	Nord	N20
77	2023	Sony	Xperia 12	24
78	2023	LG	Wing	2
79	2023	Motorola	Razr 3	26
80	2023	Google	Pixel	7A XL
81	2023	LG	K	50
82	2023	Sony	Xperia	14
83	2023	Xiaomi	Redmi Note	12
84	2023	OnePlus	Nord	CE 2
85	2023	Nokia	6.4	52
86	2023	Motorola	Moto	E40
87	2023	Realme	C	21 Pro
88	2023	Oppo	A	54s
89	2023	Xiaomi	Mi	11T
90	2023	Samsung	Galaxy	A52s
91	2023	Apple	iPhone	14 mini
92	2023	OnePlus	OnePlus	9RT Pro
93	2023	Sony	Xperia	12 Pro
94	2023	LG	Stylo	8
95	2023	Motorola	Moto	G70
96	2023	Google	Pixel	8a
97	2023	ASUS	ZenFone	10
98	2023	Samsung	Galaxy	M52
99	2023	Apple	iPhone	X
100	2023	Realme	Narzo	60
101	2023	Realme	C	35
102	2023	Oppo	A	98
103	2023	Xiaomi	Mi	12
104	2023	OnePlus	Nord	CE 3
105	2023	Sony	Xperia	14 Pro
106	2023	Nokia	7.4	73
107	2023	Motorola	Moto	G80
108	2023	Google	Pixel	8
109	2023	ASUS	ZenFone	11
110	2023	Samsung	Galaxy	A62
111	2023	Apple	iPhone	15 Pro Max
112	2023	Realme	C	40
113	2023	Oppo	A	110
114	2023	Xiaomi	Mi	13
115	2023	OnePlus	OnePlus	9RT Pro Plus
116	2023	Sony	Xperia	16
117	2023	LG	K	60
118	2023	Motorola	Moto	G100
119	2023	Google	Pixel	8 Pro
120	2023	ASUS	ZenFone	12
121	2023	Samsung	Galaxy	S20
122	2023	Samsung	Galaxy	S20+
123	2023	Samsung	Galaxy	S20 Ultra
124	2023	Samsung	Galaxy	Z Fold 2
125	2023	Samsung	Galaxy	Z Fold
126	2023	Samsung	Galaxy	Z Flip
127	2023	Samsung	Galaxy	S10
128	2023	Samsung	Galaxy	S11
129	2023	Samsung	Galaxy	S12
130	2023	Samsung	Galaxy	S13
131	2023	Samsung	Galaxy	S14
132	2023	Samsung	Galaxy	S15
133	2023	Samsung	Galaxy	S16
134	2023	Samsung	Galaxy	S17
135	2023	Samsung	Galaxy	XCover 5
136	2023	Samsung	Galaxy	A22
137	2023	Samsung	Galaxy	F22
138	2023	Apple	iPhone	13 Pro Max
139	2023	Apple	iPhone	13 Max
140	2023	Apple	iPhone	13 Pro
141	2023	Apple	iPhone	13 Mini
142	2023	Apple	iPhone	13
143	2023	Apple	iPhone	12 Mini
144	2023	Apple	iPhone	15 Pro Max
145	2023	Apple	iPhone	11s
146	2023	Apple	iPhone	11
147	2023	Apple	iPhone	Xs max
148	2023	Apple	iPhone	X max
149	2023	Apple	iPhone	Xs
150	2023	Apple	iPhone	X
151	2023	Apple	iPhone	9s
152	2023	Apple	iPhone	8
153	2023	Apple	iPhone	9
154	2023	Apple	iPhone	8s
155	2023	Apple	iPhone	7s
156	2023	Apple	iPhone	7
157	2023	Apple	iPhone	6s
158	2023	Apple	iPhone	6
159	2023	Apple	iPhone	5s
160	2023	Apple	iPhone	5
161	2023	Apple	iPhone	4
162	2023	Apple	iPhone	3
163	2023	Apple	iPhone	2
164	2023	Apple	iPhone	1
\.


--
-- TOC entry 3346 (class 0 OID 24604)
-- Dependencies: 216
-- Data for Name: retailer; Type: TABLE DATA; Schema: public; Owner: postgres
--

COPY public.retailer (retailer_id, name, website) FROM stdin;
1	Amazon              	www.amazon.com
2	BestBuy             	www.bestbuy.com
3	Walmart             	www.walmart.com
4	Target              	www.target.com
5	Best Buy            	www.bestbuy.com
6	Costco              	www.costco.com
7	Apple               	www.apple.com
8	Samsung             	www.samsung.com
9	Google              	www.store.google.com
10	Motorola            	www.motorola.com
\.


--
-- TOC entry 3348 (class 0 OID 24691)
-- Dependencies: 218
-- Data for Name: retrieveprice; Type: TABLE DATA; Schema: public; Owner: postgres
--

COPY public.retrieveprice (phone_id, retailer_id, price) FROM stdin;
1	1	799.99
1	2	599.99
1	3	799.99
1	4	599.99
1	5	799.99
1	6	599.99
1	7	799.99
1	8	599.99
1	9	799.99
1	10	599.99
2	1	799.99
2	2	599.99
2	3	799.99
2	4	599.99
2	5	799.99
2	6	599.99
2	7	799.99
2	8	599.99
2	9	799.99
2	10	599.99
3	1	799.99
3	2	599.99
3	3	799.99
3	4	599.99
3	5	799.99
3	6	599.99
3	7	799.99
3	8	599.99
3	9	799.99
3	10	599.99
4	1	799.99
4	2	599.99
4	3	799.99
4	4	599.99
4	5	799.99
4	6	599.99
4	7	799.99
4	8	599.99
4	9	799.99
4	10	599.99
5	1	799.99
5	2	599.99
5	3	799.99
5	4	599.99
5	5	799.99
5	6	599.99
5	7	799.99
5	8	599.99
5	9	799.99
5	10	599.99
6	1	799.99
6	2	599.99
6	3	799.99
6	4	599.99
6	5	799.99
6	6	599.99
6	7	799.99
6	8	599.99
6	9	799.99
6	10	599.99
7	1	799.99
7	2	599.99
7	3	799.99
7	4	599.99
7	5	799.99
7	6	599.99
7	7	799.99
7	8	599.99
7	9	799.99
7	10	599.99
8	1	799.99
8	2	599.99
8	3	799.99
8	4	599.99
8	5	799.99
8	6	599.99
8	7	799.99
8	8	599.99
8	9	799.99
8	10	599.99
9	1	799.99
9	2	599.99
9	3	799.99
9	4	599.99
9	5	799.99
9	6	599.99
9	7	799.99
9	8	599.99
9	9	799.99
9	10	599.99
10	1	799.99
10	2	599.99
10	3	799.99
10	4	599.99
10	5	799.99
10	6	599.99
10	7	799.99
10	8	599.99
10	9	799.99
10	10	599.99
11	1	799.99
11	2	599.99
11	3	799.99
11	4	599.99
11	5	799.99
11	6	599.99
11	7	799.99
11	8	599.99
11	9	799.99
11	10	599.99
12	1	799.99
12	2	599.99
12	3	799.99
12	4	599.99
12	5	799.99
12	6	599.99
12	7	799.99
12	8	599.99
12	9	799.99
12	10	599.99
13	1	799.99
13	2	599.99
13	3	799.99
13	4	599.99
13	5	799.99
13	6	599.99
13	7	799.99
13	8	599.99
13	9	799.99
13	10	599.99
14	1	799.99
14	2	599.99
14	3	799.99
14	4	599.99
14	5	799.99
14	6	599.99
14	7	799.99
14	8	599.99
14	9	799.99
14	10	599.99
15	1	799.99
15	2	599.99
15	3	799.99
15	4	599.99
15	5	799.99
15	6	599.99
15	7	799.99
15	8	599.99
15	9	799.99
15	10	599.99
16	1	799.99
16	2	599.99
16	3	799.99
16	4	599.99
16	5	799.99
16	6	599.99
16	7	799.99
16	8	599.99
16	9	799.99
16	10	599.99
17	1	799.99
17	2	599.99
17	3	799.99
17	4	599.99
17	5	799.99
17	6	599.99
17	7	799.99
17	8	599.99
17	9	799.99
17	10	599.99
18	1	799.99
18	2	599.99
18	3	799.99
18	4	599.99
18	5	799.99
18	6	599.99
18	7	799.99
18	8	599.99
18	9	799.99
18	10	599.99
19	1	799.99
19	2	599.99
19	3	799.99
19	4	599.99
19	5	799.99
19	6	599.99
19	7	799.99
19	8	599.99
19	9	799.99
19	10	599.99
20	1	799.99
20	2	599.99
20	3	799.99
20	4	599.99
20	5	799.99
20	6	599.99
20	7	799.99
20	8	599.99
20	9	799.99
20	10	599.99
21	1	799.99
21	2	599.99
21	3	799.99
21	4	599.99
21	5	799.99
21	6	599.99
21	7	799.99
21	8	599.99
21	9	799.99
21	10	599.99
22	1	799.99
22	2	599.99
22	3	799.99
22	4	599.99
22	5	799.99
22	6	599.99
22	7	799.99
22	8	599.99
22	9	799.99
22	10	599.99
23	1	799.99
23	2	599.99
23	3	799.99
23	4	599.99
23	5	799.99
23	6	599.99
23	7	799.99
23	8	599.99
23	9	799.99
23	10	599.99
24	1	799.99
24	2	599.99
24	3	799.99
24	4	599.99
24	5	799.99
24	6	599.99
24	7	799.99
24	8	599.99
24	9	799.99
24	10	599.99
25	1	799.99
25	2	599.99
25	3	799.99
25	4	599.99
25	5	799.99
25	6	599.99
25	7	799.99
25	8	599.99
25	9	799.99
25	10	599.99
26	1	799.99
26	2	599.99
26	3	799.99
26	4	599.99
26	5	799.99
26	6	599.99
26	7	799.99
26	8	599.99
26	9	799.99
26	10	599.99
27	1	799.99
27	2	599.99
27	3	799.99
27	4	599.99
27	5	799.99
27	6	599.99
27	7	799.99
27	8	599.99
27	9	799.99
27	10	599.99
28	1	799.99
28	2	599.99
28	3	799.99
28	4	599.99
28	5	799.99
28	6	599.99
28	7	799.99
28	8	599.99
28	9	799.99
28	10	599.99
29	1	799.99
29	2	599.99
29	3	799.99
29	4	599.99
29	5	799.99
29	6	599.99
29	7	799.99
29	8	599.99
29	9	799.99
29	10	599.99
30	1	799.99
30	2	599.99
30	3	799.99
30	4	599.99
30	5	799.99
30	6	599.99
30	7	799.99
30	8	599.99
30	9	799.99
30	10	599.99
31	1	799.99
31	2	599.99
31	3	799.99
31	4	599.99
31	5	799.99
31	6	599.99
31	7	799.99
31	8	599.99
31	9	799.99
31	10	599.99
32	1	799.99
32	2	599.99
32	3	799.99
32	4	599.99
32	5	799.99
32	6	599.99
32	7	799.99
32	8	599.99
32	9	799.99
32	10	599.99
33	1	799.99
33	2	599.99
33	3	799.99
33	4	599.99
33	5	799.99
33	6	599.99
33	7	799.99
33	8	599.99
33	9	799.99
33	10	599.99
34	1	799.99
34	2	599.99
34	3	799.99
34	4	599.99
34	5	799.99
34	6	599.99
34	7	799.99
34	8	599.99
34	9	799.99
34	10	599.99
35	1	799.99
35	2	599.99
35	3	799.99
35	4	599.99
35	5	799.99
35	6	599.99
35	7	799.99
35	8	599.99
35	9	799.99
35	10	599.99
36	1	799.99
36	2	599.99
36	3	799.99
36	4	599.99
36	5	799.99
36	6	599.99
36	7	799.99
36	8	599.99
36	9	799.99
36	10	599.99
37	1	799.99
37	2	599.99
37	3	799.99
37	4	599.99
37	5	799.99
37	6	599.99
37	7	799.99
37	8	599.99
37	9	799.99
37	10	599.99
38	1	799.99
38	2	599.99
38	3	799.99
38	4	599.99
38	5	799.99
38	6	599.99
38	7	799.99
38	8	599.99
38	9	799.99
38	10	599.99
39	1	799.99
39	2	599.99
39	3	799.99
39	4	599.99
39	5	799.99
39	6	599.99
39	7	799.99
39	8	599.99
39	9	799.99
39	10	599.99
40	1	799.99
40	2	599.99
40	3	799.99
40	4	599.99
40	5	799.99
40	6	599.99
40	7	799.99
40	8	599.99
40	9	799.99
40	10	599.99
41	1	799.99
41	2	599.99
41	3	799.99
41	4	599.99
41	5	799.99
41	6	599.99
41	7	799.99
41	8	599.99
41	9	799.99
41	10	599.99
42	1	799.99
42	2	599.99
42	3	799.99
42	4	599.99
42	5	799.99
42	6	599.99
42	7	799.99
42	8	599.99
42	9	799.99
42	10	599.99
43	1	799.99
43	2	599.99
43	3	799.99
43	4	599.99
43	5	799.99
43	6	599.99
43	7	799.99
43	8	599.99
43	9	799.99
43	10	599.99
44	1	799.99
44	2	599.99
44	3	799.99
44	4	599.99
44	5	799.99
44	7	799.99
44	8	599.99
44	9	799.99
44	10	599.99
45	1	799.99
45	2	599.99
45	3	799.99
45	4	599.99
45	5	799.99
45	6	599.99
45	7	799.99
45	8	599.99
45	9	799.99
45	10	599.99
46	1	799.99
46	2	599.99
46	3	799.99
46	4	599.99
46	5	799.99
46	6	599.99
46	7	799.99
46	8	599.99
46	9	799.99
46	10	599.99
47	1	799.99
47	2	599.99
47	3	799.99
47	4	599.99
47	5	799.99
47	6	599.99
47	7	799.99
47	8	599.99
47	9	799.99
47	10	599.99
48	1	799.99
48	2	599.99
48	3	799.99
48	4	599.99
48	5	799.99
48	6	599.99
48	7	799.99
48	8	599.99
48	9	799.99
48	10	599.99
49	1	799.99
49	2	599.99
49	3	799.99
49	4	599.99
49	5	799.99
49	6	599.99
49	7	799.99
49	8	599.99
49	9	799.99
49	10	599.99
50	1	799.99
50	2	599.99
50	3	799.99
50	4	599.99
50	5	799.99
50	6	599.99
50	7	799.99
50	8	599.99
50	9	799.99
50	10	599.99
51	1	799.99
51	2	599.99
51	3	799.99
51	4	599.99
51	5	799.99
51	6	599.99
51	7	799.99
51	8	599.99
51	9	799.99
51	10	599.99
52	1	799.99
52	2	599.99
52	3	799.99
52	4	599.99
52	5	799.99
52	6	599.99
52	7	799.99
52	8	599.99
52	9	799.99
52	10	599.99
53	1	799.99
53	2	599.99
53	3	799.99
53	4	599.99
53	5	799.99
53	6	599.99
53	7	799.99
53	8	599.99
53	9	799.99
53	10	599.99
54	1	799.99
54	2	599.99
54	3	799.99
54	4	599.99
54	5	799.99
54	6	599.99
54	7	799.99
54	8	599.99
54	9	799.99
54	10	599.99
55	1	799.99
55	2	599.99
55	3	799.99
55	4	599.99
55	5	799.99
55	6	599.99
55	7	799.99
55	8	599.99
55	9	799.99
55	10	599.99
56	1	799.99
56	2	599.99
56	3	799.99
56	4	599.99
56	5	799.99
56	6	599.99
56	7	799.99
56	8	599.99
56	9	799.99
56	10	599.99
57	1	799.99
57	2	599.99
57	3	799.99
57	4	599.99
57	5	799.99
57	6	599.99
57	7	799.99
57	8	599.99
57	9	799.99
57	10	599.99
58	1	799.99
58	2	599.99
58	3	799.99
58	4	599.99
58	5	799.99
58	6	599.99
58	7	799.99
58	8	599.99
58	9	799.99
58	10	599.99
59	1	799.99
59	2	599.99
59	3	799.99
59	4	599.99
59	5	799.99
59	6	599.99
59	7	799.99
59	8	599.99
59	9	799.99
59	10	599.99
60	1	799.99
60	2	599.99
60	3	799.99
60	4	599.99
60	5	799.99
60	6	599.99
60	7	799.99
60	8	599.99
60	9	799.99
60	10	599.99
61	1	799.99
61	2	599.99
61	3	799.99
61	4	599.99
61	5	799.99
61	6	599.99
61	7	799.99
61	8	599.99
61	9	799.99
61	10	599.99
62	1	799.99
62	2	599.99
62	3	799.99
62	4	599.99
62	5	799.99
62	6	599.99
62	7	799.99
62	8	599.99
62	9	799.99
62	10	599.99
63	1	799.99
63	2	599.99
63	3	799.99
63	4	599.99
63	5	799.99
63	6	599.99
63	7	799.99
63	8	599.99
63	9	799.99
63	10	599.99
64	1	799.99
64	2	599.99
64	3	799.99
64	4	599.99
64	5	799.99
64	6	599.99
64	7	799.99
64	8	599.99
64	9	799.99
64	10	599.99
65	1	799.99
65	2	599.99
65	3	799.99
65	4	599.99
65	5	799.99
65	6	599.99
65	7	799.99
65	8	599.99
65	9	799.99
65	10	599.99
66	1	799.99
66	2	599.99
66	3	799.99
66	4	599.99
66	5	799.99
66	6	599.99
66	7	799.99
66	8	599.99
66	9	799.99
66	10	599.99
67	1	799.99
67	2	599.99
67	3	799.99
67	4	599.99
67	5	799.99
67	6	599.99
67	7	799.99
67	8	599.99
67	9	799.99
67	10	599.99
68	1	799.99
68	2	599.99
68	3	799.99
68	4	599.99
68	5	799.99
68	6	599.99
68	7	799.99
68	8	599.99
68	9	799.99
68	10	599.99
69	1	799.99
69	2	599.99
69	3	799.99
69	4	599.99
69	5	799.99
69	6	599.99
69	7	799.99
69	8	599.99
69	9	799.99
69	10	599.99
70	1	799.99
70	2	599.99
70	3	799.99
70	4	599.99
70	5	799.99
70	6	599.99
70	7	799.99
70	8	599.99
70	9	799.99
70	10	599.99
71	1	799.99
71	2	599.99
71	3	799.99
71	4	599.99
71	5	799.99
71	6	599.99
71	7	799.99
71	8	599.99
71	9	799.99
71	10	599.99
72	1	799.99
72	2	599.99
72	3	799.99
72	4	599.99
72	5	799.99
72	6	599.99
72	7	799.99
72	8	599.99
72	9	799.99
72	10	599.99
73	1	799.99
73	2	599.99
73	3	799.99
73	4	599.99
73	5	799.99
73	6	599.99
73	7	799.99
73	8	599.99
73	9	799.99
73	10	599.99
74	1	799.99
74	2	599.99
74	3	799.99
74	4	599.99
74	5	799.99
44	6	599.99
74	7	799.99
74	8	599.99
74	9	799.99
74	10	599.99
75	1	799.99
75	2	599.99
75	3	799.99
75	4	599.99
75	5	799.99
75	6	599.99
75	7	799.99
75	8	599.99
75	9	799.99
75	10	599.99
76	1	799.99
76	2	599.99
76	3	799.99
76	4	599.99
76	5	799.99
76	6	599.99
76	7	799.99
76	8	599.99
76	9	799.99
76	10	599.99
77	1	799.99
77	2	599.99
77	3	799.99
77	4	599.99
77	5	799.99
77	6	599.99
77	7	799.99
77	8	599.99
77	9	799.99
77	10	599.99
78	1	799.99
78	2	599.99
78	3	799.99
78	4	599.99
78	5	799.99
78	6	599.99
78	7	799.99
78	8	599.99
78	9	799.99
78	10	599.99
79	1	799.99
79	2	599.99
79	3	799.99
79	4	599.99
79	5	799.99
79	6	599.99
79	7	799.99
79	8	599.99
79	9	799.99
79	10	599.99
80	1	799.99
80	2	599.99
80	3	799.99
80	4	599.99
80	5	799.99
80	6	599.99
80	7	799.99
80	8	599.99
80	9	799.99
80	10	599.99
81	1	799.99
81	2	599.99
81	3	799.99
81	4	599.99
81	5	799.99
81	6	599.99
81	7	799.99
81	8	599.99
81	9	799.99
81	10	599.99
82	1	799.99
82	2	599.99
82	3	799.99
82	4	599.99
82	5	799.99
82	6	599.99
82	7	799.99
82	8	599.99
82	9	799.99
82	10	599.99
83	1	799.99
83	2	599.99
83	3	799.99
83	4	599.99
83	5	799.99
83	6	599.99
83	7	799.99
83	8	599.99
83	9	799.99
83	10	599.99
84	1	799.99
84	2	599.99
84	3	799.99
84	4	599.99
84	5	799.99
84	6	599.99
84	7	799.99
84	8	599.99
84	9	799.99
84	10	599.99
85	1	799.99
85	2	599.99
85	3	799.99
85	4	599.99
85	5	799.99
85	6	599.99
85	7	799.99
85	8	599.99
85	9	799.99
85	10	599.99
86	1	799.99
86	2	599.99
86	3	799.99
86	4	599.99
86	5	799.99
86	6	599.99
86	7	799.99
86	8	599.99
86	9	799.99
86	10	599.99
87	1	799.99
87	2	599.99
87	3	799.99
87	4	599.99
87	5	799.99
87	6	599.99
87	7	799.99
87	8	599.99
87	9	799.99
87	10	599.99
88	1	799.99
88	2	599.99
88	3	799.99
88	4	599.99
88	5	799.99
88	6	599.99
88	7	799.99
88	8	599.99
88	9	799.99
88	10	599.99
89	1	799.99
89	2	599.99
89	3	799.99
89	4	599.99
89	5	799.99
89	6	599.99
89	7	799.99
89	8	599.99
89	9	799.99
89	10	599.99
90	1	799.99
90	2	599.99
90	3	799.99
90	4	599.99
90	5	799.99
90	6	599.99
90	7	799.99
90	8	599.99
90	9	799.99
90	10	599.99
91	1	799.99
91	2	599.99
91	3	799.99
91	4	599.99
91	5	799.99
91	6	599.99
91	7	799.99
91	8	599.99
91	9	799.99
91	10	599.99
92	1	799.99
92	2	599.99
92	3	799.99
92	4	599.99
92	5	799.99
92	6	599.99
92	7	799.99
92	8	599.99
92	9	799.99
92	10	599.99
93	1	799.99
93	2	599.99
93	3	799.99
93	4	599.99
93	5	799.99
93	6	599.99
93	7	799.99
93	8	599.99
93	9	799.99
93	10	599.99
94	1	799.99
94	2	599.99
94	3	799.99
94	4	599.99
94	5	799.99
94	6	599.99
94	7	799.99
94	8	599.99
94	9	799.99
94	10	599.99
95	1	799.99
95	2	599.99
95	3	799.99
95	4	599.99
95	5	799.99
95	6	599.99
95	7	799.99
95	8	599.99
95	9	799.99
95	10	599.99
96	1	799.99
96	2	599.99
96	3	799.99
96	4	599.99
96	5	799.99
96	6	599.99
96	7	799.99
96	8	599.99
96	9	799.99
96	10	599.99
97	1	799.99
97	2	599.99
97	3	799.99
97	4	599.99
97	5	799.99
97	6	599.99
97	7	799.99
97	8	599.99
97	9	799.99
97	10	599.99
98	1	799.99
98	2	599.99
98	3	799.99
98	4	599.99
98	5	799.99
98	6	599.99
98	7	799.99
98	8	599.99
98	9	799.99
98	10	599.99
99	1	799.99
99	2	599.99
99	3	799.99
99	4	599.99
99	5	799.99
99	6	599.99
99	7	799.99
99	8	599.99
99	9	799.99
99	10	599.99
100	1	799.99
100	2	599.99
100	3	799.99
100	4	599.99
100	5	799.99
100	6	599.99
100	7	799.99
100	8	599.99
100	9	799.99
100	10	599.99
101	1	799.99
101	2	599.99
101	3	799.99
101	4	599.99
101	5	799.99
101	6	599.99
101	7	799.99
101	8	599.99
101	9	799.99
101	10	599.99
102	1	799.99
102	2	599.99
102	3	799.99
102	4	599.99
102	5	799.99
102	6	599.99
102	7	799.99
102	8	599.99
102	9	799.99
102	10	599.99
103	1	799.99
103	2	599.99
103	3	799.99
103	4	599.99
103	5	799.99
103	6	599.99
103	7	799.99
103	8	599.99
103	9	799.99
103	10	599.99
104	1	799.99
104	2	599.99
104	3	799.99
104	4	599.99
104	5	799.99
104	6	599.99
104	7	799.99
104	8	599.99
104	9	799.99
104	10	599.99
105	1	799.99
105	2	599.99
105	3	799.99
105	4	599.99
105	5	799.99
105	6	599.99
105	7	799.99
105	8	599.99
105	9	799.99
105	10	599.99
106	1	799.99
106	2	599.99
106	3	799.99
106	4	599.99
106	5	799.99
106	6	599.99
106	7	799.99
106	8	599.99
106	9	799.99
106	10	599.99
107	1	799.99
107	2	599.99
107	3	799.99
107	4	599.99
107	5	799.99
107	6	599.99
107	7	799.99
107	8	599.99
107	9	799.99
107	10	599.99
108	1	799.99
108	2	599.99
108	3	799.99
108	4	599.99
108	5	799.99
108	6	599.99
108	7	799.99
108	8	599.99
108	9	799.99
108	10	599.99
109	1	799.99
109	2	599.99
109	3	799.99
109	4	599.99
109	5	799.99
109	6	599.99
109	7	799.99
109	8	599.99
109	9	799.99
109	10	599.99
110	1	799.99
110	2	599.99
110	3	799.99
110	4	599.99
110	5	799.99
110	6	599.99
110	7	799.99
110	8	599.99
110	9	799.99
110	10	599.99
111	1	799.99
111	2	599.99
111	3	799.99
111	4	599.99
111	5	799.99
111	6	599.99
111	7	799.99
111	8	599.99
111	9	799.99
111	10	599.99
112	1	799.99
112	2	599.99
112	3	799.99
112	4	599.99
112	5	799.99
112	6	599.99
112	7	799.99
112	8	599.99
112	9	799.99
112	10	599.99
113	1	799.99
113	2	599.99
113	3	799.99
113	4	599.99
113	5	799.99
113	6	599.99
113	7	799.99
113	8	599.99
113	9	799.99
113	10	599.99
114	1	799.99
114	2	599.99
114	3	799.99
114	4	599.99
114	5	799.99
114	6	599.99
114	7	799.99
114	8	599.99
114	9	799.99
114	10	599.99
115	1	799.99
115	2	599.99
115	3	799.99
115	4	599.99
115	5	799.99
115	6	599.99
115	7	799.99
115	8	599.99
115	9	799.99
115	10	599.99
116	1	799.99
116	2	599.99
116	3	799.99
116	4	599.99
116	5	799.99
116	6	599.99
116	7	799.99
116	8	599.99
116	9	799.99
116	10	599.99
117	1	799.99
117	2	599.99
117	3	799.99
117	4	599.99
117	5	799.99
117	6	599.99
117	7	799.99
117	8	599.99
117	9	799.99
117	10	599.99
118	1	799.99
118	2	599.99
118	3	799.99
118	4	599.99
118	5	799.99
118	6	599.99
118	7	799.99
118	8	599.99
118	9	799.99
118	10	599.99
119	1	799.99
119	2	599.99
119	3	799.99
119	4	599.99
119	5	799.99
119	6	599.99
119	7	799.99
119	8	599.99
119	9	799.99
119	10	599.99
120	1	799.99
120	2	599.99
120	3	799.99
120	4	599.99
120	5	799.99
120	6	599.99
120	7	799.99
120	8	599.99
120	9	799.99
120	10	599.99
121	1	799.99
121	2	599.99
121	3	799.99
121	4	599.99
121	5	799.99
121	6	599.99
121	7	799.99
121	8	599.99
121	9	799.99
121	10	599.99
122	1	799.99
122	2	599.99
122	3	799.99
122	4	599.99
122	5	799.99
122	6	599.99
122	7	799.99
122	8	599.99
122	9	799.99
122	10	599.99
123	1	799.99
123	2	599.99
123	3	799.99
123	4	599.99
123	5	799.99
123	6	599.99
123	7	799.99
123	8	599.99
123	9	799.99
123	10	599.99
124	1	799.99
124	2	599.99
124	3	799.99
124	4	599.99
124	5	799.99
124	6	599.99
124	7	799.99
124	8	599.99
124	9	799.99
124	10	599.99
125	1	799.99
125	2	599.99
125	3	799.99
125	4	599.99
125	5	799.99
125	6	599.99
125	7	799.99
125	8	599.99
125	9	799.99
125	10	599.99
126	1	799.99
126	2	599.99
126	3	799.99
126	4	599.99
126	5	799.99
126	6	599.99
126	7	799.99
126	8	599.99
126	9	799.99
126	10	599.99
127	1	799.99
127	2	599.99
127	3	799.99
127	4	599.99
127	5	799.99
127	6	599.99
127	7	799.99
127	8	599.99
127	9	799.99
127	10	599.99
128	1	799.99
128	2	599.99
128	3	799.99
128	4	599.99
128	5	799.99
128	6	599.99
128	7	799.99
128	8	599.99
128	9	799.99
128	10	599.99
129	1	799.99
129	2	599.99
129	3	799.99
129	4	599.99
129	5	799.99
129	6	599.99
129	7	799.99
129	8	599.99
129	9	799.99
129	10	599.99
130	1	799.99
130	2	599.99
130	3	799.99
130	4	599.99
130	5	799.99
130	6	599.99
130	7	799.99
130	8	599.99
130	9	799.99
130	10	599.99
131	1	799.99
131	2	599.99
131	3	799.99
131	4	599.99
131	5	799.99
131	6	599.99
131	7	799.99
131	8	599.99
131	9	799.99
131	10	599.99
132	1	799.99
132	2	599.99
132	3	799.99
132	4	599.99
132	5	799.99
132	6	599.99
132	7	799.99
132	8	599.99
132	9	799.99
132	10	599.99
133	1	799.99
133	2	599.99
133	3	799.99
133	4	599.99
133	5	799.99
133	6	599.99
133	7	799.99
133	8	599.99
133	9	799.99
133	10	599.99
134	1	799.99
134	2	599.99
134	3	799.99
134	4	599.99
134	5	799.99
134	6	599.99
134	7	799.99
134	8	599.99
134	9	799.99
134	10	599.99
135	1	799.99
135	2	599.99
135	3	799.99
135	4	599.99
135	5	799.99
135	6	599.99
135	7	799.99
135	8	599.99
135	9	799.99
135	10	599.99
136	1	799.99
136	2	599.99
136	3	799.99
136	4	599.99
136	5	799.99
136	6	599.99
136	7	799.99
136	8	599.99
136	9	799.99
136	10	599.99
137	1	799.99
137	2	599.99
137	3	799.99
137	4	599.99
137	5	799.99
137	6	599.99
137	7	799.99
137	8	599.99
137	9	799.99
137	10	599.99
138	1	799.99
138	2	599.99
138	3	799.99
138	4	599.99
138	5	799.99
138	6	599.99
138	7	799.99
138	8	599.99
138	9	799.99
138	10	599.99
139	1	799.99
139	2	599.99
139	3	799.99
139	4	599.99
139	5	799.99
139	6	599.99
139	7	799.99
139	8	599.99
139	9	799.99
139	10	599.99
140	1	799.99
140	2	599.99
140	3	799.99
140	4	599.99
140	5	799.99
140	6	599.99
140	7	799.99
140	8	599.99
140	9	799.99
140	10	599.99
141	1	799.99
141	2	599.99
141	3	799.99
141	4	599.99
141	5	799.99
141	6	599.99
141	7	799.99
141	8	599.99
141	9	799.99
141	10	599.99
142	1	799.99
142	2	599.99
142	3	799.99
142	4	599.99
142	5	799.99
142	6	599.99
142	7	799.99
142	8	599.99
142	9	799.99
142	10	599.99
143	1	799.99
143	2	599.99
143	3	799.99
143	4	599.99
143	5	799.99
143	6	599.99
143	7	799.99
143	8	599.99
143	9	799.99
143	10	599.99
144	1	799.99
144	2	599.99
144	3	799.99
144	4	599.99
144	5	799.99
144	6	599.99
144	7	799.99
144	8	599.99
144	9	799.99
144	10	599.99
145	1	799.99
145	2	599.99
145	3	799.99
145	4	599.99
145	5	799.99
145	6	599.99
145	7	799.99
145	8	599.99
145	9	799.99
145	10	599.99
146	1	799.99
146	2	599.99
146	3	799.99
146	4	599.99
146	5	799.99
146	6	599.99
146	7	799.99
146	8	599.99
146	9	799.99
146	10	599.99
147	1	799.99
147	2	599.99
147	3	799.99
147	4	599.99
147	5	799.99
147	6	599.99
147	7	799.99
147	8	599.99
147	9	799.99
147	10	599.99
148	1	799.99
148	2	599.99
148	3	799.99
148	4	599.99
148	5	799.99
148	6	599.99
148	7	799.99
148	8	599.99
148	9	799.99
148	10	599.99
149	1	799.99
149	2	599.99
149	3	799.99
149	4	599.99
149	5	799.99
149	6	599.99
149	7	799.99
149	8	599.99
149	9	799.99
149	10	599.99
150	1	799.99
150	2	599.99
150	3	799.99
150	4	599.99
150	5	799.99
150	6	599.99
150	7	799.99
150	8	599.99
150	9	799.99
150	10	599.99
151	1	799.99
151	2	599.99
151	3	799.99
151	4	599.99
151	5	799.99
151	6	599.99
151	7	799.99
151	8	599.99
151	9	799.99
151	10	599.99
152	1	799.99
152	2	599.99
152	3	799.99
152	4	599.99
152	5	799.99
152	6	599.99
152	7	799.99
152	8	599.99
152	9	799.99
152	10	599.99
153	1	799.99
153	2	599.99
153	3	799.99
153	4	599.99
153	5	799.99
153	6	599.99
153	7	799.99
153	8	599.99
153	9	799.99
153	10	599.99
154	1	799.99
154	2	599.99
154	3	799.99
154	4	599.99
154	5	799.99
154	6	599.99
154	7	799.99
154	8	599.99
154	9	799.99
154	10	599.99
155	1	799.99
155	2	599.99
155	3	799.99
155	4	599.99
155	5	799.99
155	6	599.99
155	7	799.99
155	8	599.99
155	9	799.99
155	10	599.99
156	1	799.99
156	2	599.99
156	3	799.99
156	4	599.99
156	5	799.99
156	6	599.99
156	7	799.99
156	8	599.99
156	9	799.99
156	10	599.99
157	1	799.99
157	2	599.99
157	3	799.99
157	4	599.99
157	5	799.99
157	6	599.99
157	7	799.99
157	8	599.99
157	9	799.99
157	10	599.99
158	1	799.99
158	2	599.99
158	3	799.99
158	4	599.99
158	5	799.99
158	6	599.99
158	7	799.99
158	8	599.99
158	9	799.99
158	10	599.99
159	1	799.99
159	2	599.99
159	3	799.99
159	4	599.99
159	5	799.99
159	6	599.99
159	7	799.99
159	8	599.99
159	9	799.99
159	10	599.99
160	1	799.99
160	2	599.99
160	3	799.99
160	4	599.99
160	5	799.99
160	6	599.99
160	7	799.99
160	8	599.99
160	9	799.99
160	10	599.99
161	1	799.99
161	2	599.99
161	3	799.99
161	4	599.99
161	5	799.99
161	6	599.99
161	7	799.99
161	8	599.99
161	9	799.99
161	10	599.99
162	1	799.99
162	2	599.99
162	3	799.99
162	4	599.99
162	5	799.99
162	6	599.99
162	7	799.99
162	8	599.99
162	9	799.99
162	10	599.99
163	1	799.99
163	2	599.99
163	3	799.99
163	4	599.99
163	5	799.99
163	6	599.99
163	7	799.99
163	8	599.99
163	9	799.99
163	10	599.99
164	1	799.99
164	2	599.99
164	3	799.99
164	4	599.99
164	5	799.99
164	6	599.99
164	7	799.99
164	8	599.99
164	9	799.99
164	10	599.99
\.


--
-- TOC entry 3345 (class 0 OID 24599)
-- Dependencies: 215
-- Data for Name: users; Type: TABLE DATA; Schema: public; Owner: postgres
--

COPY public.users (user_id, name, username, password) FROM stdin;
1	Viet                	vietle1             	123456789           
2	Charley             	chtran2             	1111                
3	Alex                	atdo5               	cxvasdf13           
4	Avi                 	aarora60            	srhcvn1564          
5	Sarah               	smith34             	p@ssw0rd            
6	John                	doe87               	qwerty123           
7	Megan               	jones19             	securePassword      
8	Chris               	williams2           	Pa$$w0rd            
9	Emma                	brown45             	password123         
10	Daniel              	martinez12          	s3cureP@ss          
11	Sophia              	wilson88            	P@ssw0rd!           
12	Liam                	anderson6           	123456abc           
13	Ava                 	taylor17            	secure123!          
14	Oliver              	lee21               	password456         
15	Isabella            	hall9               	abc123!             
16	Ethan               	miller14            	Pa$$w0rd123         
17	Mia                 	king55              	securePass!         
18	Logan               	young18             	passw0rd!           
19	Ella                	white27             	1securePa$$         
20	Jackson             	harris22            	password!321        
21	Aiden               	thomas36            	p@ssw0rd321         
22	Sophie              	roberts43           	securePassword123   
23	Mason               	jackson50           	abc123secure!       
24	Aria                	davis63             	passw0rdSecure!     
25	Liam                	martin71            	Pa$$w0rd123!        
26	Zoe                 	anderson88          	secure!1234         
27	Caleb               	hill42              	securePa$$123       
28	Emily               	parker55            	p@ssw0rd!123        
29	Benjamin            	hughes29            	Pa$$w0rd123!        
30	Lily                	scott47             	secure123$          
31	Samuel              	green59             	securePa$$1234      
32	Avery               	phillips62          	secureP@ss123       
33	Noah                	campbell33          	p@ssw0rd!Secure     
34	Grace               	evans24             	123SecurePa$$       
35	Lucas               	harrison57          	Secure123!Pa$$      
36	Chloe               	kelly40             	secureP@ss123!      
37	William             	robinson47          	p@ssw0rdSecure!123  
38	Aubrey              	turner32            	123!SecurePa$$      
39	Oliver              	collins29           	securePa$$!1234     
40	Nora                	stewart35           	SecurePa$$123!      
41	Ethan               	jones42             	SecurePa$$12345     
42	Scarlett            	baker39             	P@ssw0rd!Secure123  
43	Mason               	garcia36            	Secure123!Pa$$w0rd  
44	Ella                	hernandez43         	SecurePa$$1234!     
45	Liam                	miller40            	Pa$$w0rd12345!      
46	Ava                 	taylor44            	Secure12345!Pa$$    
47	James               	carter47            	P@ssw0rd!Secure1234 
48	Lily                	ward38              	Secure1234!Pa$$w0rd 
49	William             	hall37              	Secure12345$        
50	Olivia              	roberts41           	Pa$$w0rd!Secure12345
51	Noah                	hill45              	Secure12345!Pa$$w0rd
52	Emma                	davis36             	Pa$$w0rd12345!Secure
53	Lucas               	phillips48          	Secure!12345Pa$$w0rd
54	Avery               	king49              	SecurePa$$12345!    
55	Oliver              	mitchell50          	Pa$$w0rd!Secure12345
56	Sophia              	wilson48            	Secure12345!Pa$$w0rd
57	Benjamin            	jackson51           	Pa$$w0rd12345!Secure
58	Aria                	evans41             	Secure!12345Pa$$w0rd
59	Jackson             	scott50             	Pa$$w0rd!Secure12345
60	Chloe               	phillips45          	Secure12345!Pa$$w0rd
61	Ethan               	harris49            	Pa$$w0rd12345!Secure
62	Aubrey              	turner41            	Secure12345!Pa$$w0rd
63	Logan               	smith50             	Pa$$w0rd!Secure12345
64	Oliver              	miller46            	Secure12345!Pa$$w0rd
65	Nora                	mitchell49          	Pa$$w0rd12345!Secure
66	William             	roberts53           	Secure!12345Pa$$w0rd
67	Aria                	hill50              	Pa$$w0rd!Secure12345
68	Sophie              	scott47             	Secure12345!Pa$$w0rd
69	Lucas               	davis49             	Pa$$w0rd12345!Secure
70	Mia                 	king55              	Secure!12345Pa$$w0rd
71	Logan               	carter48            	Pa$$w0rd!Secure12345
72	Liam                	garcia51            	Secure12345!Pa$$w0rd
73	Zoe                 	mitchell47          	Pa$$w0rd12345!Secure
74	Ella                	smith50             	Secure!12345Pa$$w0rd
75	James               	wilson48            	Pa$$w0rd!Secure12345
76	Sophia              	roberts49           	Secure12345!Pa$$w0rd
77	Caleb               	hall50              	Pa$$w0rd12345!Secure
78	Mason               	scott48             	Secure!12345Pa$$w0rd
79	Ethan               	carter50            	Pa$$w0rd!Secure12345
80	Ava                 	hall48              	Secure12345!Pa$$w0rd
81	Aiden               	roberts52           	Pa$$w0rd12345!Secure
82	Scarlett            	king49              	Secure12345!Pa$$w0rd
83	Mason               	wilson52            	Pa$$w0rd!Secure12345
84	Ella                	carter51            	Secure12345!Pa$$w0rd
85	Liam                	phillips49          	Pa$$w0rd12345!Secure
86	Ava                 	harris52            	Secure!12345Pa$$w0rd
87	James               	martin52            	Pa$$w0rd!Secure12345
88	Lily                	miller49            	Secure12345!Pa$$w0rd
89	William             	smith52             	Pa$$w0rd12345!Secure
90	Olivia              	garcia49            	Secure!12345Pa$$w0rd
91	Noah                	roberts53           	Pa$$w0rd!Secure12345
92	Emma                	hill51              	Secure12345!Pa$$w0rd
93	Lucas               	jackson53           	Pa$$w0rd12345!Secure
94	Avery               	mitchell51          	Secure!12345Pa$$w0rd
95	Oliver              	scott49             	Pa$$w0rd!Secure12345
96	Sophia              	wilson50            	Secure12345!Pa$$w0rd
97	Benjamin            	roberts54           	Pa$$w0rd12345!Secure
98	Aria                	hall52              	Secure!12345Pa$$w0rd
99	Jackson             	carter52            	Pa$$w0rd!Secure12345
100	Chloe               	roberts50           	Secure12345!Pa$$w0rd
\.


--
-- TOC entry 3347 (class 0 OID 24621)
-- Dependencies: 217
-- Data for Name: writereview; Type: TABLE DATA; Schema: public; Owner: postgres
--

COPY public.writereview (phone_id, user_id, rating_point, retailer_id, "timestamp") FROM stdin;
1	13	1	1	2023-10-12 12:50:01
2	12	2	1	2023-10-15 10:30:41
3	10	3	2	2023-11-01 20:10:01
4	9	4	4	2022-10-01 05:05:11
5	8	5	3	2021-01-01 07:50:21
6	7	6	5	2022-12-02 14:10:31
7	6	7	1	2023-05-08 02:20:41
8	5	8	4	2023-09-04 01:40:51
9	4	9	2	2021-08-12 09:30:11
10	3	10	5	2023-11-05 17:50:04
11	2	1	3	2021-10-10 02:20:15
12	1	1	1	2020-01-01 00:00:21
\.


--
-- TOC entry 3189 (class 2606 OID 24598)
-- Name: mobilephone mobilephone_pkey; Type: CONSTRAINT; Schema: public; Owner: postgres
--

ALTER TABLE ONLY public.mobilephone
    ADD CONSTRAINT mobilephone_pkey PRIMARY KEY (phone_id);


--
-- TOC entry 3193 (class 2606 OID 24610)
-- Name: retailer retailer_pkey; Type: CONSTRAINT; Schema: public; Owner: postgres
--

ALTER TABLE ONLY public.retailer
    ADD CONSTRAINT retailer_pkey PRIMARY KEY (retailer_id);


--
-- TOC entry 3197 (class 2606 OID 24695)
-- Name: retrieveprice retrieveprice_pkey; Type: CONSTRAINT; Schema: public; Owner: postgres
--

ALTER TABLE ONLY public.retrieveprice
    ADD CONSTRAINT retrieveprice_pkey PRIMARY KEY (phone_id, retailer_id);


--
-- TOC entry 3191 (class 2606 OID 24603)
-- Name: users users_pkey; Type: CONSTRAINT; Schema: public; Owner: postgres
--

ALTER TABLE ONLY public.users
    ADD CONSTRAINT users_pkey PRIMARY KEY (user_id);


--
-- TOC entry 3195 (class 2606 OID 24625)
-- Name: writereview writereview_pkey; Type: CONSTRAINT; Schema: public; Owner: postgres
--

ALTER TABLE ONLY public.writereview
    ADD CONSTRAINT writereview_pkey PRIMARY KEY (phone_id, user_id);


--
-- TOC entry 3200 (class 2606 OID 24696)
-- Name: retrieveprice retrieveprice_phone_id_fkey; Type: FK CONSTRAINT; Schema: public; Owner: postgres
--

ALTER TABLE ONLY public.retrieveprice
    ADD CONSTRAINT retrieveprice_phone_id_fkey FOREIGN KEY (phone_id) REFERENCES public.mobilephone(phone_id) ON DELETE CASCADE;


--
-- TOC entry 3201 (class 2606 OID 24701)
-- Name: retrieveprice retrieveprice_retailer_id_fkey; Type: FK CONSTRAINT; Schema: public; Owner: postgres
--

ALTER TABLE ONLY public.retrieveprice
    ADD CONSTRAINT retrieveprice_retailer_id_fkey FOREIGN KEY (retailer_id) REFERENCES public.retailer(retailer_id) ON DELETE CASCADE;


--
-- TOC entry 3198 (class 2606 OID 24626)
-- Name: writereview writereview_phone_id_fkey; Type: FK CONSTRAINT; Schema: public; Owner: postgres
--

ALTER TABLE ONLY public.writereview
    ADD CONSTRAINT writereview_phone_id_fkey FOREIGN KEY (phone_id) REFERENCES public.mobilephone(phone_id) ON DELETE CASCADE;


--
-- TOC entry 3199 (class 2606 OID 24631)
-- Name: writereview writereview_retailer_id_fkey; Type: FK CONSTRAINT; Schema: public; Owner: postgres
--

ALTER TABLE ONLY public.writereview
    ADD CONSTRAINT writereview_retailer_id_fkey FOREIGN KEY (retailer_id) REFERENCES public.retailer(retailer_id) ON DELETE CASCADE;


-- Completed on 2023-12-04 22:05:01

--
-- PostgreSQL database dump complete
--

